﻿<?xml version="1.0" encoding="utf-8"?>
<extension version="4.0" type="module" method="upgrade" client="site">
	<name>CG Template Switcher</name>
	<author>ConseilGouz</author>
	<creationDate>2025-02-10</creationDate>
	<copyright>Copyright (C) 2025 ConseilGouz. All rights reserved</copyright>
	<license>https://www.gnu.org/licenses/gpl-3.0.html GNU/GPLv2</license>
	<authorEmail>pascal.leconte@conseilgouz.com</authorEmail>
	<authorUrl>www.conseilgouz.com</authorUrl>
	<version>2.3.0</version>
	<description>CG_XML_DESCRIPTION</description>
	<namespace path="src">ConseilGouz\Module\CGTemplateSwitcher</namespace>
	<changelogurl>https://raw.githubusercontent.com/conseilgouz/pkg_cg_template_switcher_j4/master/cg_template_switcher_changelog.xml</changelogurl>
	<files>
		<folder module="mod_cg_template_switcher">services</folder>
		<filename>index.html</filename>
        <folder>layouts</folder>
		<folder>tmpl</folder>
		<folder>src</folder>
	</files>
	<media destination="mod_cg_template_switcher" folder="media">
		<folder>js</folder>
        <folder>icons</folder>
        <folder>css</folder>
		<filename>index.html</filename>
	</media>
	<languages>
		<language tag="fr-FR">language/fr-FR/mod_cg_template_switcher.ini</language>
		<language tag="fr-FR">language/fr-FR/mod_cg_template_switcher.sys.ini</language>
		<language tag="en-GB">language/en-GB/mod_cg_template_switcher.ini</language>
		<language tag="en-GB">language/en-GB/mod_cg_template_switcher.sys.ini</language>
	</languages>
	
	<config>
	<fields name="params" >
		<fieldset name="basic" 
			addruleprefix="ConseilGouz\Module\CGTemplateSwitcher\Site\Rule" 
			addrulepath="/modules/mod_cg_template_switcher/src/Rule"
            addfieldprefix="ConseilGouz\Module\CGTemplateSwitcher\Site\Field"
			>
            <field name="version" type="version"  margintop="-3em" extension="mod_cg_template_switcher"/>
			<field name="templatesall" 	type="radio" class="btn-group btn-group-yesno"	default="true" 
				label="CG_TEMPLATES_ALL" description="CG_TEMPLATES_ALLDESC"
				validate="templates">
				<option value="true">JYES</option>
				<option value="false">JNO</option>
                <option value="none">JNONE</option>
			</field>		
			<field showon="templatesall:false" name="templates" type="templatestyle" 
				label="CG_TEMPLATES" description="CG_TEMPLATESDESC" 
				multiple="multiple" layout="joomla.form.field.groupedlist-fancy-select"/>
			<field showon="templatesall!:none" name="showpreview" 	type="radio" class="btn-group btn-group-yesno"	default="true" 
				label="CG_STYLE_PREVIEW" description="CG_STYLE_PREVIEWDESC"
				>
				<option value="true">JYES</option>
				<option value="false">JNO</option>
			</field>
			<field name="autoswitch" showon="templatesall!:none"
                type="radio" class="btn-group btn-group-yesno"	default="false" 
				label="CG_STYLE_AUTO" description="CG_STYLE_AUTODESC"
				>
				<option value="true">JYES</option>
				<option value="false">JNO</option>
			</field>	
			<field name="oneclick" 	type="radio" class="btn-group"	default="false" 
				label="CG_STYLE_ONECLICK" description="CG_STYLE_ONECLICKDESC"
				>
				<option value="false">JNO</option>
				<option value="tmpl">CG_STYLE_TMPL</option>
				<option value="bootstrap">CG_STYLE_BOOTSTRAP</option>
				<option value="color">CG_STYLE_COLOR</option>
			</field>
			<field 	showon="oneclick:color" name="grayscale" type="cgrange"  default="80" 
                class="limits" unit="%"
				label="CG_STYLE_GRAYSCALE" 	description="CG_STYLE_GRAYSCALEDESC" 
				min="1" max="100" step="1"	/>
			<field 	showon="oneclick:tmpl" name="onetmpl"  type="templatestyle" 
				label="CG_STYLE_TMPL" 	description="CG_STYLE_TMPLDESC" 
				/>
			<field  name="cookie_duration" type="text" default="0" label="COOKIE_DURATION" description="COOKIE_DURATIONDESC" size="3" maxlength="3"/>
			<field  name="user_field" type="sql" class="hidden"	
				label="CG_STYLE_USER" description="CG_STYLE_USERDESC"
                query="select f.id as id, f.state as value from #__fields f where f.context like 'com_user%' and f.type like 'cgtemplateswitcher' "
				key_field="value"	value_field="value" 
                >
			</field>
			<field  name="color_field" type="sql" class="hidden" showon="cookie_duration:a"
				label="" description=""
                query="select f.id as id, f.state as value from #__fields f where f.context like 'com_user%' and f.type like 'cgtscolor' "
				key_field="value"	value_field="value" 
                >
			</field>
            <field showon="user_field:1" type="note" name="cg_note_enable" label="CG_NOTE2" />
            <field showon="user_field!:1" type="note" name="cg_note_disable" label="CG_NOTE3" />
            <field showon="color_field:1" type="note" name="cg_note_color_enable" label="CG_NOTE4" />
            <field showon="color_field!:1" type="note" name="cg_note_color_disable" label="CG_NOTE5" />
		    <field type="note" name="cg_note1" label="CG_NOTE1" heading="p" />
			<field name="css" type="textarea" label="CG_CSS" description="CG_CSS_DESC" cols="40" rows="4" filter="raw" 
				default=".CG_TS_Select {} .CG_TS_Img{max-width:100%} .CG_TS_OKBtn{} .CG_TS_CancelBtn{}"
			/>

		</fieldset>
		<fieldset name="advanced">
		<field name="moduleclass_sfx" type="text" default="" label="Module Class Suffix" description="PARAMMODULECLASSSUFFIX" />
		</fieldset>
	</fields>
	</config>
</extension>