﻿<?xml version="1.0" encoding="utf-8"?>
<extension version="4.0" type="module" method="upgrade" client="site">
	<name>CG Template Switcher</name>
	<author>ConseilGouz</author>
	<creationDate>2025-02-05</creationDate>
	<copyright>Copyright (C) 2025 ConseilGouz. All rights reserved</copyright>
	<license>https://www.gnu.org/licenses/gpl-3.0.html GNU/GPLv2</license>
	<authorEmail>pascal.leconte@conseilgouz.com</authorEmail>
	<authorUrl>www.conseilgouz.com</authorUrl>
	<version>2.2.2</version>
	<description>CG_XML_DESCRIPTION</description>
	<namespace path="src">ConseilGouz\Module\CGTemplateSwitcher</namespace>
	<changelogurl>https://raw.githubusercontent.com/conseilgouz/pkg_cg_template_switcher_j4/master/cg_template_switcher_changelog.xml</changelogurl>
	<files>
		<folder module="mod_cg_template_switcher">services</folder>
		<filename>index.html</filename>
		<folder>tmpl</folder>
		<folder>src</folder>
	</files>
	<media destination="mod_cg_template_switcher" folder="media">
		<folder>js</folder>
		<filename>index.html</filename>
	</media>
	<languages>
		<language tag="fr-FR">language/fr-FR/mod_cg_template_switcher.ini</language>
		<language tag="fr-FR">language/fr-FR/mod_cg_template_switcher.sys.ini</language>
		<language tag="en-GB">language/en-GB/mod_cg_template_switcher.ini</language>
		<language tag="en-GB">language/en-GB/mod_cg_template_switcher.sys.ini</language>
	</languages>
	
	<config>
	<fields name="params" >
		<fieldset name="basic" 
			addruleprefix="ConseilGouz\Module\CGTemplateSwitcher\Site\Rule" 
			addrulepath="/modules/mod_cg_template_switcher/src/Rule"
            addfieldprefix="ConseilGouz\Module\CGTemplateSwitcher\Site\Field"
			>
            <field name="version" type="version"  margintop="-3em" extension="mod_cg_template_switcher"/>
			<field name="templatesall" 	type="radio" class="btn-group btn-group-yesno"	default="true" 
				label="CG_TEMPLATES_ALL" description="CG_TEMPLATES_ALLDESC"
				validate="templates"
				>
				<option value="true">JYES</option>
				<option value="false">JNO</option>
			</field>		
			<field showon="templatesall:false" name="templates" type="templatestyle" 
				label="Templates" description="CG_TEMPLATESDESC" 
				multiple="multiple" layout="joomla.form.field.groupedlist-fancy-select"/>
			<field name="showpreview" 	type="radio" class="btn-group btn-group-yesno"	default="true" 
				label="CG_STYLE_PREVIEW" description="CG_STYLE_PREVIEWDESC"
				>
				<option value="true">JYES</option>
				<option value="false">JNO</option>
			</field>	
			<field name="autoswitch" 	type="radio" class="btn-group btn-group-yesno"	default="false" 
				label="CG_STYLE_AUTO" description="CG_STYLE_AUTODESC"
				>
				<option value="true">JYES</option>
				<option value="false">JNO</option>
			</field>	
			<field  name="cookie_duration" type="text" default="0" label="COOKIE_DURATION" description="COOKIE_DURATIONDESC" size="3" maxlength="3"/>
			
		    <field type="note" name="cg_note1" label="CG_NOTE1" heading="p" />
			<field name="css" type="textarea" label="CG_CSS" description="CG_CSS_DESC" cols="40" rows="4" filter="raw" 
				default="#CG_TS_Select {} #CG_TS_Img{max-width:100%} #CG_TS_OKBtn{} #CG_TS_CancelBtn{}"
			/>	

		</fieldset>
		<fieldset name="advanced">
		<field name="moduleclass_sfx" type="text" default="" label="Module Class Suffix" description="PARAMMODULECLASSSUFFIX" />
		</fieldset>
	</fields>
	</config>
</extension>