<?xml version="1.0" encoding="utf-8"?>
<extension version="4.0" type="plugin" group="system" method="upgrade">
	<name>plg_system_cgstyle</name>
	<author>ConseilGouz</author>
	<creationDate>2025-02-06</creationDate>
	<copyright>(C)2025 ConseilGouz. All rights reserved.</copyright>
	<license>GNU General Public License version 3 or later; see LICENSE.txt</license>
	<authorEmail>pascal.leconte@conseilgouz.com</authorEmail>
	<authorUrl>www.conseilgouz.com</authorUrl>
	<version>2.2.3</version>
	<description>PLG_SYSTEM_CGSTYLE_XML_DESCRIPTION</description>
    <namespace path="src">Conseilgouz\Plugin\System\Cgstyle</namespace>
	<files>
        <folder plugin="cgstyle">services</folder>
		<folder>src</folder>
        <filename>cgstyle.xml</filename>
        <filename>index.html</filename>
	</files>
	<languages>
		<language tag="en-GB">language/en-GB/plg_system_cgstyle.ini</language>
		<language tag="en-GB">language/en-GB/plg_system_cgstyle.sys.ini</language>
		<language tag="fr-FR">language/fr-FR/plg_system_cgstyle.ini</language>
		<language tag="fr-FR">language/fr-FR/plg_system_cgstyle.sys.ini</language>
	</languages>
	<config>
       <fields name="params" >
            <fieldset name="basic">
			</fieldset>
        </fields>
		</config>
</extension>
